"region","region_cd","year","agecat","pops","props"
"강원도 춘천시","4211000000",2008,"g1u14",45634,0.174192193911633
"강원도 춘천시","4211000000",2008,"g2o15",183935,0.702108979864491
"강원도 춘천시","4211000000",2008,"g3o65",32406,0.123698826223876
"강원도 춘천시","4211000000",2009,"g1u14",44732,0.168896238989009
"강원도 춘천시","4211000000",2009,"g2o15",186421,0.703876548523876
"강원도 춘천시","4211000000",2009,"g3o65",33696,0.127227212487115
"강원도 춘천시","4211000000",2010,"g1u14",43767,0.162130024078533
"강원도 춘천시","4211000000",2010,"g2o15",190799,0.706793850713095
"강원도 춘천시","4211000000",2010,"g3o65",35384,0.131076125208372
"강원도 춘천시","4211000000",2011,"g1u14",42749,0.156701673356427
"강원도 춘천시","4211000000",2011,"g2o15",193282,0.708498744524477
"강원도 춘천시","4211000000",2011,"g3o65",36774,0.134799582119096
"강원도 춘천시","4211000000",2012,"g1u14",41440,0.151592748130698
"강원도 춘천시","4211000000",2012,"g2o15",193646,0.708381498661126
"강원도 춘천시","4211000000",2012,"g3o65",38278,0.140025753208177
"강원도 춘천시","4211000000",2013,"g1u14",40280,0.146763586015922
"강원도 춘천시","4211000000",2013,"g2o15",194708,0.709435062214206
"강원도 춘천시","4211000000",2013,"g3o65",39467,0.143801351769871
"강원도 춘천시","4211000000",2014,"g1u14",39232,0.142252647838399
"강원도 춘천시","4211000000",2014,"g2o15",196183,0.711346635677016
"강원도 춘천시","4211000000",2014,"g3o65",40376,0.146400716484584
"강원도 춘천시","4211000000",2015,"g1u14",38263,0.137638175951539
"강원도 춘천시","4211000000",2015,"g2o15",198642,0.714547279287187
"강원도 춘천시","4211000000",2015,"g3o65",41092,0.147814544761274
"강원도 춘천시","4211000000",2016,"g1u14",37494,0.133569878912888
"강원도 춘천시","4211000000",2016,"g2o15",201514,0.717880209613583
"강원도 춘천시","4211000000",2016,"g3o65",41699,0.148549911473529
"강원도 춘천시","4211000000",2017,"g1u14",36395,0.129743969997932
"강원도 춘천시","4211000000",2017,"g2o15",200205,0.713707693733646
"강원도 춘천시","4211000000",2017,"g3o65",43914,0.156548336268422
"강원도 춘천시","4211000000",2018,"g1u14",35540,0.126639110604333
"강원도 춘천시","4211000000",2018,"g2o15",199568,0.711117445838084
"강원도 춘천시","4211000000",2018,"g3o65",45532,0.162243443557583
"강원도 춘천시","4211000000",2019,"g1u14",35008,0.124454746152561
"강원도 춘천시","4211000000",2019,"g2o15",198638,0.706165501206935
"강원도 춘천시","4211000000",2019,"g3o65",47645,0.169379752640504
"강원도 원주시","4213000000",2008,"g1u14",57198,0.188166790032075
"강원도 원주시","4213000000",2008,"g2o15",214453,0.705495517723497
"강원도 원주시","4213000000",2008,"g3o65",32324,0.106337692244428
"강원도 원주시","4213000000",2009,"g1u14",55998,0.181881370135312
"강원도 원주시","4213000000",2009,"g2o15",218474,0.70960302973217
"강원도 원주시","4213000000",2009,"g3o65",33410,0.108515600132518
"강원도 원주시","4213000000",2010,"g1u14",55098,0.175093269945786
"강원도 원주시","4213000000",2010,"g2o15",224727,0.714149066664972
"강원도 원주시","4213000000",2010,"g3o65",34853,0.110757663389242
"강원도 원주시","4213000000",2011,"g1u14",53799,0.167840741757556
"강원도 원주시","4213000000",2011,"g2o15",230535,0.719217186213093
"강원도 원주시","4213000000",2011,"g3o65",36202,0.112942072029351
"강원도 원주시","4213000000",2012,"g1u14",52644,0.162539172854563
"강원도 원주시","4213000000",2012,"g2o15",233621,0.721308489124226
"강원도 원주시","4213000000",2012,"g3o65",37620,0.116152338021211
"강원도 원주시","4213000000",2013,"g1u14",50769,0.156290693486272
"강원도 원주시","4213000000",2013,"g2o15",235256,0.724227843503049
"강원도 원주시","4213000000",2013,"g3o65",38812,0.119481463010679
"강원도 원주시","4213000000",2014,"g1u14",49472,0.151155543062464
"강원도 원주시","4213000000",2014,"g2o15",237958,0.727051073658996
"강원도 원주시","4213000000",2014,"g3o65",39862,0.12179338327854
"강원도 원주시","4213000000",2015,"g1u14",48749,0.146395591525398
"강원도 원주시","4213000000",2015,"g2o15",243142,0.730167119626421
"강원도 원주시","4213000000",2015,"g3o65",41104,0.123437288848181
"강원도 원주시","4213000000",2016,"g1u14",47988,0.141985152923702
"강원도 원주시","4213000000",2016,"g2o15",247745,0.733018915376399
"강원도 원주시","4213000000",2016,"g3o65",42246,0.124995931699899
"강원도 원주시","4213000000",2017,"g1u14",47190,0.138250468012551
"강원도 원주시","4213000000",2017,"g2o15",248901,0.729194315295441
"강원도 원주시","4213000000",2017,"g3o65",45246,0.132555216692008
"강원도 원주시","4213000000",2018,"g1u14",46220,0.13433312988636
"강원도 원주시","4213000000",2018,"g2o15",250650,0.728485482605284
"강원도 원주시","4213000000",2018,"g3o65",47200,0.137181387508356
"강원도 원주시","4213000000",2019,"g1u14",45995,0.131709691737182
"강원도 원주시","4213000000",2019,"g2o15",253237,0.725160717609496
"강원도 원주시","4213000000",2019,"g3o65",49983,0.143129590653322
"강원도 강릉시","4215000000",2008,"g1u14",35800,0.163920164469618
"강원도 강릉시","4215000000",2008,"g2o15",153929,0.704806340688373
"강원도 강릉시","4215000000",2008,"g3o65",28670,0.131273494842009
"강원도 강릉시","4215000000",2009,"g1u14",34465,0.158486002280837
"강원도 강릉시","4215000000",2009,"g2o15",153148,0.704245300371556
"강원도 강릉시","4215000000",2009,"g3o65",29851,0.137268697347607
"강원도 강릉시","4215000000",2010,"g1u14",33033,0.151178702351913
"강원도 강릉시","4215000000",2010,"g2o15",154220,0.705802666324947
"강원도 강릉시","4215000000",2010,"g3o65",31250,0.14301863132314
"강원도 강릉시","4215000000",2011,"g1u14",31887,0.146559054285727
"강원도 강릉시","4215000000",2011,"g2o15",153449,0.705282413556954
"강원도 강릉시","4215000000",2011,"g3o65",32235,0.148158532157319
"강원도 강릉시","4215000000",2012,"g1u14",30689,0.140942679605586
"강원도 강릉시","4215000000",2012,"g2o15",153413,0.70456643443357
"강원도 강릉시","4215000000",2012,"g3o65",33639,0.154490885960843
"강원도 강릉시","4215000000",2013,"g1u14",29103,0.134235214892577
"강원도 강릉시","4215000000",2013,"g2o15",152848,0.704998939143751
"강원도 강릉시","4215000000",2013,"g3o65",34855,0.160765845963673
"강원도 강릉시","4215000000",2014,"g1u14",27700,0.128355428693231
"강원도 강릉시","4215000000",2014,"g2o15",152098,0.704787147775559
"강원도 강릉시","4215000000",2014,"g3o65",36009,0.166857423531211
"강원도 강릉시","4215000000",2015,"g1u14",26245,0.12232009694258
"강원도 강릉시","4215000000",2015,"g2o15",151391,0.705588180462342
"강원도 강릉시","4215000000",2015,"g3o65",36924,0.172091722595078
"강원도 강릉시","4215000000",2016,"g1u14",25274,0.118187854811406
"강원도 강릉시","4215000000",2016,"g2o15",150893,0.705615255838314
"강원도 강릉시","4215000000",2016,"g3o65",37679,0.17619688935028
"강원도 강릉시","4215000000",2017,"g1u14",24420,0.114137750523482
"강원도 강릉시","4215000000",2017,"g2o15",149748,0.699913999401735
"강원도 강릉시","4215000000",2017,"g3o65",39784,0.185948250074783
"강원도 강릉시","4215000000",2018,"g1u14",23539,0.11053405147518
"강원도 강릉시","4215000000",2018,"g2o15",148204,0.695933920932395
"강원도 강릉시","4215000000",2018,"g3o65",41214,0.193532027592425
"강원도 강릉시","4215000000",2019,"g1u14",22870,0.107148546209275
"강원도 강릉시","4215000000",2019,"g2o15",147459,0.690862154590006
"강원도 강릉시","4215000000",2019,"g3o65",43113,0.20198929920072
"강원도 동해시","4217000000",2008,"g1u14",16521,0.172719859490654
"강원도 동해시","4217000000",2008,"g2o15",67536,0.706059465562665
"강원도 동해시","4217000000",2008,"g3o65",11595,0.121220674946682
"강원도 동해시","4217000000",2009,"g1u14",15884,0.166724396720933
"강원도 동해시","4217000000",2009,"g2o15",67287,0.706269483893315
"강원도 동해시","4217000000",2009,"g3o65",12100,0.127006119385752
"강원도 동해시","4217000000",2010,"g1u14",15300,0.160653534377756
"강원도 동해시","4217000000",2010,"g2o15",67370,0.707400562812382
"강원도 동해시","4217000000",2010,"g3o65",12566,0.131945902809862
"강원도 동해시","4217000000",2011,"g1u14",14976,0.156319151601186
"강원도 동해시","4217000000",2011,"g2o15",67843,0.708143710074736
"강원도 동해시","4217000000",2011,"g3o65",12985,0.135537138324078
"강원도 동해시","4217000000",2012,"g1u14",14090,0.150058042322971
"강원도 동해시","4217000000",2012,"g2o15",66428,0.707456042259071
"강원도 동해시","4217000000",2012,"g3o65",13379,0.142485915417958
"강원도 동해시","4217000000",2013,"g1u14",14084,0.148029807763051
"강원도 동해시","4217000000",2013,"g2o15",67053,0.704760203062758
"강원도 동해시","4217000000",2013,"g3o65",14006,0.14720998917419
"강원도 동해시","4217000000",2014,"g1u14",13534,0.143123030392758
"강원도 동해시","4217000000",2014,"g2o15",66572,0.704003722425499
"강원도 동해시","4217000000",2014,"g3o65",14456,0.152873247181743
"강원도 동해시","4217000000",2015,"g1u14",12950,0.137920017040311
"강원도 동해시","4217000000",2015,"g2o15",66054,0.70348793865488
"강원도 동해시","4217000000",2015,"g3o65",14891,0.158592044304809
"강원도 동해시","4217000000",2016,"g1u14",12483,0.133798514421686
"강원도 동해시","4217000000",2016,"g2o15",65690,0.704095522899986
"강원도 동해시","4217000000",2016,"g3o65",15124,0.162105962678328
"강원도 동해시","4217000000",2017,"g1u14",12090,0.130208613800605
"강원도 동해시","4217000000",2017,"g2o15",64880,0.698753917566854
"강원도 동해시","4217000000",2017,"g3o65",15881,0.17103746863254
"강원도 동해시","4217000000",2018,"g1u14",11577,0.12684065211675
"강원도 동해시","4217000000",2018,"g2o15",63169,0.692096152160575
"강원도 동해시","4217000000",2018,"g3o65",16526,0.181063195722675
"강원도 동해시","4217000000",2019,"g1u14",11059,0.122169196438435
"강원도 동해시","4217000000",2019,"g2o15",62125,0.686297253706281
"강원도 동해시","4217000000",2019,"g3o65",17338,0.191533549855284
"강원도 태백시","4219000000",2008,"g1u14",7803,0.152916046092341
"강원도 태백시","4219000000",2008,"g2o15",36593,0.717116093125343
"강원도 태백시","4219000000",2008,"g3o65",6632,0.129967860782316
"강원도 태백시","4219000000",2009,"g1u14",7570,0.150126923687133
"강원도 태백시","4219000000",2009,"g2o15",35984,0.713628430905918
"강원도 태백시","4219000000",2009,"g3o65",6870,0.136244645406949
"강원도 태백시","4219000000",2010,"g1u14",7278,0.143087448883297
"강원도 태백시","4219000000",2010,"g2o15",36050,0.708752752437874
"강원도 태백시","4219000000",2010,"g3o65",7536,0.14815979867883
"강원도 태백시","4219000000",2011,"g1u14",7031,0.140126753826531
"강원도 태백시","4219000000",2011,"g2o15",35437,0.706253985969388
"강원도 태백시","4219000000",2011,"g3o65",7708,0.153619260204082
"강원도 태백시","4219000000",2012,"g1u14",6762,0.136625381367062
"강원도 태백시","4219000000",2012,"g2o15",34717,0.701452730689188
"강원도 태백시","4219000000",2012,"g3o65",8014,0.16192188794375
"강원도 태백시","4219000000",2013,"g1u14",6473,0.13265975324835
"강원도 태백시","4219000000",2013,"g2o15",33942,0.695618313727098
"강원도 태백시","4219000000",2013,"g3o65",8379,0.171721933024552
"강원도 태백시","4219000000",2014,"g1u14",6218,0.128849102739442
"강원도 태백시","4219000000",2014,"g2o15",33324,0.690538356334701
"강원도 태백시","4219000000",2014,"g3o65",8716,0.180612540925857
"강원도 태백시","4219000000",2015,"g1u14",5847,0.123092145428517
"강원도 태백시","4219000000",2015,"g2o15",32644,0.687227637312899
"강원도 태백시","4219000000",2015,"g3o65",9010,0.189680217258584
"강원도 태백시","4219000000",2016,"g1u14",5565,0.118228170809433
"강원도 태백시","4219000000",2016,"g2o15",32239,0.684916082430423
"강원도 태백시","4219000000",2016,"g3o65",9266,0.196855746760144
"강원도 태백시","4219000000",2017,"g1u14",5262,0.11467050209205
"강원도 태백시","4219000000",2017,"g2o15",31000,0.675557880055788
"강원도 태백시","4219000000",2017,"g3o65",9626,0.209771617852162
"강원도 태백시","4219000000",2018,"g1u14",4972,0.110838646395292
"강원도 태백시","4219000000",2018,"g2o15",29946,0.667573231084756
"강원도 태백시","4219000000",2018,"g3o65",9940,0.221588122519952
"강원도 태백시","4219000000",2019,"g1u14",4688,0.106870925090047
"강원도 태백시","4219000000",2019,"g2o15",28854,0.657775954041855
"강원도 태백시","4219000000",2019,"g3o65",10324,0.235353120868098
"강원도 속초시","4221000000",2008,"g1u14",14936,0.176550550242911
"강원도 속초시","4221000000",2008,"g2o15",59810,0.706982352037258
"강원도 속초시","4221000000",2008,"g3o65",9853,0.116467097719831
"강원도 속초시","4221000000",2009,"g1u14",14157,0.168893607883372
"강원도 속초시","4221000000",2009,"g2o15",59461,0.709372241177734
"강원도 속초시","4221000000",2009,"g3o65",10204,0.121734150938894
"강원도 속초시","4221000000",2010,"g1u14",13628,0.161656900192166
"강원도 속초시","4221000000",2010,"g2o15",59997,0.711691300325022
"강원도 속초시","4221000000",2010,"g3o65",10677,0.126651799482812
"강원도 속초시","4221000000",2011,"g1u14",12938,0.154492805540629
"강원도 속초시","4221000000",2011,"g2o15",59771,0.713726192608514
"강원도 속초시","4221000000",2011,"g3o65",11036,0.131781001850857
"강원도 속초시","4221000000",2012,"g1u14",12390,0.148242979695857
"강원도 속초시","4221000000",2012,"g2o15",59657,0.713779777216765
"강원도 속초시","4221000000",2012,"g3o65",11532,0.137977243087378
"강원도 속초시","4221000000",2013,"g1u14",11767,0.141585147216306
"강원도 속초시","4221000000",2013,"g2o15",59448,0.715301591885355
"강원도 속초시","4221000000",2013,"g3o65",11894,0.143113260898338
"강원도 속초시","4221000000",2014,"g1u14",11304,0.137131211180124
"강원도 속초시","4221000000",2014,"g2o15",58867,0.714128008540373
"강원도 속초시","4221000000",2014,"g3o65",12261,0.148740780279503
"강원도 속초시","4221000000",2015,"g1u14",10713,0.13065908869158
"강원도 속초시","4221000000",2015,"g2o15",58792,0.717045565421017
"강원도 속초시","4221000000",2015,"g3o65",12487,0.152295345887404
"강원도 속초시","4221000000",2016,"g1u14",10264,0.125487511156211
"강원도 속초시","4221000000",2016,"g2o15",58777,0.718606726737007
"강원도 속초시","4221000000",2016,"g3o65",12752,0.155905762106782
"강원도 속초시","4221000000",2017,"g1u14",9838,0.11957750416297
"강원도 속초시","4221000000",2017,"g2o15",58971,0.716772209594885
"강원도 속초시","4221000000",2017,"g3o65",13464,0.163650286242145
"강원도 속초시","4221000000",2018,"g1u14",9585,0.117345314757229
"강원도 속초시","4221000000",2018,"g2o15",58145,0.711845939129796
"강원도 속초시","4221000000",2018,"g3o65",13952,0.170808746112975
"강원도 속초시","4221000000",2019,"g1u14",9309,0.113821436431663
"강원도 속초시","4221000000",2019,"g2o15",57661,0.705022864548945
"강원도 속초시","4221000000",2019,"g3o65",14816,0.181155699019392
"강원도 삼척시","4223000000",2008,"g1u14",10038,0.14147193956648
"강원도 삼척시","4223000000",2008,"g2o15",48791,0.687642698086084
"강원도 삼척시","4223000000",2008,"g3o65",12125,0.170885362347436
"강원도 삼척시","4223000000",2009,"g1u14",9787,0.136053381524988
"강원도 삼척시","4223000000",2009,"g2o15",49649,0.690192534927365
"강원도 삼척시","4223000000",2009,"g3o65",12499,0.173754083547647
"강원도 삼척시","4223000000",2010,"g1u14",9219,0.12795991449907
"강원도 삼척시","4223000000",2010,"g2o15",49926,0.692973933320379
"강원도 삼척시","4223000000",2010,"g3o65",12901,0.179066152180551
"강원도 삼척시","4223000000",2011,"g1u14",8827,0.122068259763248
"강원도 삼척시","4223000000",2011,"g2o15",50400,0.69697975439761
"강원도 삼척시","4223000000",2011,"g3o65",13085,0.180951985839141
"강원도 삼척시","4223000000",2012,"g1u14",8515,0.117508245587403
"강원도 삼척시","4223000000",2012,"g2o15",50494,0.696824586340615
"강원도 삼척시","4223000000",2012,"g3o65",13454,0.185667168071982
"강원도 삼척시","4223000000",2013,"g1u14",8102,0.110951344097065
"강원도 삼척시","4223000000",2013,"g2o15",51005,0.698478561549101
"강원도 삼척시","4223000000",2013,"g3o65",13916,0.190570094353834
"강원도 삼척시","4223000000",2014,"g1u14",7862,0.108720303122494
"강원도 삼척시","4223000000",2014,"g2o15",50207,0.694291561799928
"강원도 삼척시","4223000000",2014,"g3o65",14245,0.196988135077578
"강원도 삼척시","4223000000",2015,"g1u14",7514,0.106071514278858
"강원도 삼척시","4223000000",2015,"g2o15",48798,0.688857832549867
"강원도 삼척시","4223000000",2015,"g3o65",14527,0.205070653171276
"강원도 삼척시","4223000000",2016,"g1u14",7214,0.103650914524634
"강원도 삼척시","4223000000",2016,"g2o15",47775,0.686432276325809
"강원도 삼척시","4223000000",2016,"g3o65",14610,0.209916809149557
"강원도 삼척시","4223000000",2017,"g1u14",6844,0.0998919928773681
"강원도 삼척시","4223000000",2017,"g2o15",46577,0.679817263624953
"강원도 삼척시","4223000000",2017,"g3o65",15093,0.220290743497679
"강원도 삼척시","4223000000",2018,"g1u14",6727,0.0984544682844013
"강원도 삼척시","4223000000",2018,"g2o15",46118,0.674969996780142
"강원도 삼척시","4223000000",2018,"g3o65",15481,0.226575534935456
"강원도 삼척시","4223000000",2019,"g1u14",6509,0.0968197774736717
"강원도 삼척시","4223000000",2019,"g2o15",44715,0.665124650443268
"강원도 삼척시","4223000000",2019,"g3o65",16004,0.238055572083061
"강원도 홍천군","4272000000",2008,"g1u14",10634,0.151137009664582
"강원도 홍천군","4272000000",2008,"g2o15",47212,0.671006253553155
"강원도 홍천군","4272000000",2008,"g3o65",12514,0.177856736782263
"강원도 홍천군","4272000000",2009,"g1u14",10004,0.143723242249231
"강원도 홍천군","4272000000",2009,"g2o15",46777,0.672025400109186
"강원도 홍천군","4272000000",2009,"g3o65",12825,0.184251357641583
"강원도 홍천군","4272000000",2010,"g1u14",9590,0.13720973488046
"강원도 홍천군","4272000000",2010,"g2o15",47115,0.674101841386119
"강원도 홍천군","4272000000",2010,"g3o65",13188,0.188688423733421
"강원도 홍천군","4272000000",2011,"g1u14",9271,0.132634229388117
"강원도 홍천군","4272000000",2011,"g2o15",47104,0.673886607819854
"강원도 홍천군","4272000000",2011,"g3o65",13524,0.193479162792029
"강원도 홍천군","4272000000",2012,"g1u14",8766,0.125718875041232
"강원도 홍천군","4272000000",2012,"g2o15",47109,0.675620634761283
"강원도 홍천군","4272000000",2012,"g3o65",13852,0.198660490197484
"강원도 홍천군","4272000000",2013,"g1u14",8553,0.121082137093349
"강원도 홍천군","4272000000",2013,"g2o15",47926,0.67847334295988
"강원도 홍천군","4272000000",2013,"g3o65",14159,0.200444519946771
"강원도 홍천군","4272000000",2014,"g1u14",8113,0.115158053114931
"강원도 홍천군","4272000000",2014,"g2o15",47938,0.680444564307107
"강원도 홍천군","4272000000",2014,"g3o65",14400,0.204397382577962
"강원도 홍천군","4272000000",2015,"g1u14",7811,0.111052661510464
"강원도 홍천군","4272000000",2015,"g2o15",47786,0.679396041856233
"강원도 홍천군","4272000000",2015,"g3o65",14739,0.209551296633303
"강원도 홍천군","4272000000",2016,"g1u14",7401,0.105613904903248
"강원도 홍천군","4272000000",2016,"g2o15",47742,0.681288886351961
"강원도 홍천군","4272000000",2016,"g3o65",14933,0.213097208744791
"강원도 홍천군","4272000000",2017,"g1u14",7141,0.101521182826272
"강원도 홍천군","4272000000",2017,"g2o15",47300,0.672448109183964
"강원도 홍천군","4272000000",2017,"g3o65",15899,0.226030707989764
"강원도 홍천군","4272000000",2018,"g1u14",6887,0.0984574475689431
"강원도 홍천군","4272000000",2018,"g2o15",46656,0.667000243034211
"강원도 홍천군","4272000000",2018,"g3o65",16406,0.234542309396846
"강원도 홍천군","4272000000",2019,"g1u14",6501,0.0940130151843818
"강원도 홍천군","4272000000",2019,"g2o15",45476,0.6576428054953
"강원도 홍천군","4272000000",2019,"g3o65",17173,0.248344179320318
"강원도 횡성군","4273000000",2008,"g1u14",5545,0.127726717803423
"강원도 횡성군","4273000000",2008,"g2o15",28838,0.664271070877387
"강원도 횡성군","4273000000",2008,"g3o65",9030,0.20800221131919
"강원도 횡성군","4273000000",2009,"g1u14",5453,0.123591940345867
"강원도 횡성군","4273000000",2009,"g2o15",29357,0.665374764851205
"강원도 횡성군","4273000000",2009,"g3o65",9311,0.211033294802928
"강원도 횡성군","4273000000",2010,"g1u14",5259,0.118836715325168
"강원도 횡성군","4273000000",2010,"g2o15",29381,0.663917385999006
"강원도 횡성군","4273000000",2010,"g3o65",9614,0.217245898675826
"강원도 횡성군","4273000000",2011,"g1u14",5054,0.113931469792606
"강원도 횡성군","4273000000",2011,"g2o15",29446,0.663796212804328
"강원도 횡성군","4273000000",2011,"g3o65",9860,0.222272317403066
"강원도 횡성군","4273000000",2012,"g1u14",4815,0.10792334416676
"강원도 횡성군","4273000000",2012,"g2o15",29523,0.661728118345848
"강원도 횡성군","4273000000",2012,"g3o65",10277,0.230348537487392
"강원도 횡성군","4273000000",2013,"g1u14",4628,0.102988628524379
"강원도 횡성군","4273000000",2013,"g2o15",29678,0.66043572112068
"강원도 횡성군","4273000000",2013,"g3o65",10631,0.236575650354941
"강원도 횡성군","4273000000",2014,"g1u14",4452,0.0981200273290283
"강원도 횡성군","4273000000",2014,"g2o15",30087,0.663103607872523
"강원도 횡성군","4273000000",2014,"g3o65",10834,0.238776364798448
"강원도 횡성군","4273000000",2015,"g1u14",4278,0.0934530441051183
"강원도 횡성군","4273000000",2015,"g2o15",30404,0.664176333093038
"강원도 횡성군","4273000000",2015,"g3o65",11095,0.242370622801844
"강원도 횡성군","4273000000",2016,"g1u14",4114,0.0894522841425496
"강원도 횡성군","4273000000",2016,"g2o15",30554,0.664347372311974
"강원도 횡성군","4273000000",2016,"g3o65",11323,0.246200343545476
"강원도 횡성군","4273000000",2017,"g1u14",4004,0.0865149845508956
"강원도 횡성군","4273000000",2017,"g2o15",30252,0.653659168989434
"강원도 횡성군","4273000000",2017,"g3o65",12025,0.25982584645967
"강원도 횡성군","4273000000",2018,"g1u14",3947,0.0844711723665625
"강원도 횡성군","4273000000",2018,"g2o15",30334,0.649188888413303
"강원도 횡성군","4273000000",2018,"g3o65",12445,0.266339939220134
"강원도 횡성군","4273000000",2019,"g1u14",3800,0.0815888352120236
"강원도 횡성군","4273000000",2019,"g2o15",29786,0.639527643585615
"강원도 횡성군","4273000000",2019,"g3o65",12989,0.278883521202362
"강원도 영월군","4275000000",2008,"g1u14",5110,0.127111265888908
"강원도 영월군","4275000000",2008,"g2o15",26758,0.665605333200667
"강원도 영월군","4275000000",2008,"g3o65",8333,0.207283400910425
"강원도 영월군","4275000000",2009,"g1u14",4903,0.121768285111139
"강원도 영월군","4275000000",2009,"g2o15",26815,0.665962995157084
"강원도 영월군","4275000000",2009,"g3o65",8547,0.212268719731777
"강원도 영월군","4275000000",2010,"g1u14",4671,0.11559878238919
"강원도 영월군","4275000000",2010,"g2o15",26992,0.668003068775212
"강원도 영월군","4275000000",2010,"g3o65",8744,0.216398148835598
"강원도 영월군","4275000000",2011,"g1u14",4462,0.110997786014577
"강원도 영월군","4275000000",2011,"g2o15",26847,0.667852434140153
"강원도 영월군","4275000000",2011,"g3o65",8890,0.22114977984527
"강원도 영월군","4275000000",2012,"g1u14",4264,0.106188519486988
"강원도 영월군","4275000000",2012,"g2o15",26771,0.666691570165608
"강원도 영월군","4275000000",2012,"g3o65",9120,0.227119910347404
"강원도 영월군","4275000000",2013,"g1u14",4098,0.102067247820672
"강원도 영월군","4275000000",2013,"g2o15",26661,0.664034869240349
"강원도 영월군","4275000000",2013,"g3o65",9391,0.233897882938979
"강원도 영월군","4275000000",2014,"g1u14",3872,0.0963399766116792
"강원도 영월군","4275000000",2014,"g2o15",26717,0.664750814859048
"강원도 영월군","4275000000",2014,"g3o65",9602,0.238909208529273
"강원도 영월군","4275000000",2015,"g1u14",3652,0.0908096280087527
"강원도 영월군","4275000000",2015,"g2o15",26782,0.665953849214243
"강원도 영월군","4275000000",2015,"g3o65",9782,0.243236522777004
"강원도 영월군","4275000000",2016,"g1u14",3483,0.0869163776108602
"강원도 영월군","4275000000",2016,"g2o15",26675,0.665660170189404
"강원도 영월군","4275000000",2016,"g3o65",9915,0.247423452199735
"강원도 영월군","4275000000",2017,"g1u14",3338,0.0833104549878953
"강원도 영월군","4275000000",2017,"g2o15",26355,0.657773229840018
"강원도 영월군","4275000000",2017,"g3o65",10374,0.258916315172087
"강원도 영월군","4275000000",2018,"g1u14",3164,0.0796375534860307
"강원도 영월군","4275000000",2018,"g2o15",25897,0.651824817518248
"강원도 영월군","4275000000",2018,"g3o65",10669,0.268537628995721
"강원도 영월군","4275000000",2019,"g1u14",2970,0.0759066629181895
"강원도 영월군","4275000000",2019,"g2o15",25133,0.642344161320827
"강원도 영월군","4275000000",2019,"g3o65",11024,0.281749175760983
"강원도 평창군","4276000000",2008,"g1u14",5990,0.137052120990253
"강원도 평창군","4276000000",2008,"g2o15",29757,0.680844735276621
"강원도 평창군","4276000000",2008,"g3o65",7959,0.182103143733126
"강원도 평창군","4276000000",2009,"g1u14",5790,0.132694687628913
"강원도 평창군","4276000000",2009,"g2o15",29674,0.680066003575194
"강원도 평창군","4276000000",2009,"g3o65",8170,0.187239308795893
"강원도 평창군","4276000000",2010,"g1u14",5576,0.127825409197194
"강원도 평창군","4276000000",2010,"g2o15",29576,0.678006510476365
"강원도 평창군","4276000000",2010,"g3o65",8470,0.194168080326441
"강원도 평창군","4276000000",2011,"g1u14",5360,0.123000665488675
"강원도 평창군","4276000000",2011,"g2o15",29532,0.677696950226037
"강원도 평창군","4276000000",2011,"g3o65",8685,0.199302384285288
"강원도 평창군","4276000000",2012,"g1u14",5187,0.11889426272721
"강원도 평창군","4276000000",2012,"g2o15",29448,0.674994842643317
"강원도 평창군","4276000000",2012,"g3o65",8992,0.206110894629473
"강원도 평창군","4276000000",2013,"g1u14",4918,0.112627673704942
"강원도 평창군","4276000000",2013,"g2o15",29430,0.673979755416113
"강원도 평창군","4276000000",2013,"g3o65",9318,0.213392570878945
"강원도 평창군","4276000000",2014,"g1u14",4705,0.107764544205222
"강원도 평창군","4276000000",2014,"g2o15",29425,0.673957856161246
"강원도 평창군","4276000000",2014,"g3o65",9530,0.218277599633532
"강원도 평창군","4276000000",2015,"g1u14",4359,0.100206896551724
"강원도 평창군","4276000000",2015,"g2o15",29447,0.676942528735632
"강원도 평창군","4276000000",2015,"g3o65",9694,0.222850574712644
"강원도 평창군","4276000000",2016,"g1u14",4157,0.0959647259799621
"강원도 평창군","4276000000",2016,"g2o15",29324,0.676947227480493
"강원도 평창군","4276000000",2016,"g3o65",9837,0.227088046539545
"강원도 평창군","4276000000",2017,"g1u14",3928,0.0911538104520561
"강원도 평창군","4276000000",2017,"g2o15",28765,0.667525294718277
"강원도 평창군","4276000000",2017,"g3o65",10399,0.241320894829667
"강원도 평창군","4276000000",2018,"g1u14",3689,0.0865759211452711
"강원도 평창군","4276000000",2018,"g2o15",28246,0.662896033794884
"강원도 평창군","4276000000",2018,"g3o65",10675,0.250528045059845
"강원도 평창군","4276000000",2019,"g1u14",3435,0.0815798223531088
"강원도 평창군","4276000000",2019,"g2o15",27471,0.65242483256543
"강원도 평창군","4276000000",2019,"g3o65",11200,0.265995345081461
"강원도 정선군","4277000000",2008,"g1u14",5185,0.12563909956626
"강원도 정선군","4277000000",2008,"g2o15",28815,0.698223848409218
"강원도 정선군","4277000000",2008,"g3o65",7269,0.176137052024522
"강원도 정선군","4277000000",2009,"g1u14",4990,0.122580328191019
"강원도 정선군","4277000000",2009,"g2o15",28266,0.694359830991451
"강원도 정선군","4277000000",2009,"g3o65",7452,0.18305984081753
"강원도 정선군","4277000000",2010,"g1u14",4812,0.117237178706298
"강원도 정선군","4277000000",2010,"g2o15",28332,0.690266780363016
"강원도 정선군","4277000000",2010,"g3o65",7901,0.192496040930686
"강원도 정선군","4277000000",2011,"g1u14",4539,0.112963838630198
"강원도 정선군","4277000000",2011,"g2o15",27664,0.688484607152634
"강원도 정선군","4277000000",2011,"g3o65",7978,0.198551554217167
"강원도 정선군","4277000000",2012,"g1u14",4408,0.110434673681573
"강원도 정선군","4277000000",2012,"g2o15",27322,0.684504572215959
"강원도 정선군","4277000000",2012,"g3o65",8185,0.205060754102468
"강원도 정선군","4277000000",2013,"g1u14",4279,0.107015130674003
"강원도 정선군","4277000000",2013,"g2o15",27203,0.680330123796424
"강원도 정선군","4277000000",2013,"g3o65",8503,0.212654745529574
"강원도 정선군","4277000000",2014,"g1u14",4034,0.102320862396956
"강원도 정선군","4277000000",2014,"g2o15",26682,0.676778693722257
"강원도 정선군","4277000000",2014,"g3o65",8709,0.220900443880786
"강원도 정선군","4277000000",2015,"g1u14",3839,0.0979411689670128
"강원도 정선군","4277000000",2015,"g2o15",26486,0.675714978187106
"강원도 정선군","4277000000",2015,"g3o65",8872,0.226343852845881
"강원도 정선군","4277000000",2016,"g1u14",3641,0.0940389482927837
"강원도 정선군","4277000000",2016,"g2o15",26069,0.67330440621933
"강원도 정선군","4277000000",2016,"g3o65",9008,0.232656645487887
"강원도 정선군","4277000000",2017,"g1u14",3443,0.0901946401907107
"강원도 정선군","4277000000",2017,"g2o15",25401,0.665417965577764
"강원도 정선군","4277000000",2017,"g3o65",9329,0.244387394231525
"강원도 정선군","4277000000",2018,"g1u14",3283,0.0870822281167109
"강원도 정선군","4277000000",2018,"g2o15",24909,0.660716180371353
"강원도 정선군","4277000000",2018,"g3o65",9508,0.252201591511936
"강원도 정선군","4277000000",2019,"g1u14",3130,0.0839795014890934
"강원도 정선군","4277000000",2019,"g2o15",24304,0.652088755332564
"강원도 정선군","4277000000",2019,"g3o65",9837,0.263931743178342
"강원도 철원군","4278000000",2008,"g1u14",7941,0.166394267035454
"강원도 철원군","4278000000",2008,"g2o15",32482,0.680621909311877
"강원도 철원군","4278000000",2008,"g3o65",7301,0.15298382365267
"강원도 철원군","4278000000",2009,"g1u14",7732,0.162201850259078
"강원도 철원군","4278000000",2009,"g2o15",32337,0.678365394700959
"강원도 철원군","4278000000",2009,"g3o65",7600,0.159432755039963
"강원도 철원군","4278000000",2010,"g1u14",7583,0.154982831916285
"강원도 철원군","4278000000",2010,"g2o15",33379,0.682206507521256
"강원도 철원군","4278000000",2010,"g3o65",7966,0.162810660562459
"강원도 철원군","4278000000",2011,"g1u14",7268,0.151152150403461
"강원도 철원군","4278000000",2011,"g2o15",32673,0.679498377838782
"강원도 철원군","4278000000",2011,"g3o65",8143,0.169349471757757
"강원도 철원군","4278000000",2012,"g1u14",7153,0.149120246831221
"강원도 철원군","4278000000",2012,"g2o15",32336,0.674116077384923
"강원도 철원군","4278000000",2012,"g3o65",8479,0.176763675783856
"강원도 철원군","4278000000",2013,"g1u14",6826,0.143786994712784
"강원도 철원군","4278000000",2013,"g2o15",31934,0.672677100667748
"강원도 철원군","4278000000",2013,"g3o65",8713,0.183535904619468
"강원도 철원군","4278000000",2014,"g1u14",6575,0.138159277159067
"강원도 철원군","4278000000",2014,"g2o15",32116,0.674847657070813
"강원도 철원군","4278000000",2014,"g3o65",8899,0.18699306577012
"강원도 철원군","4278000000",2015,"g1u14",6178,0.126600954937601
"강원도 철원군","4278000000",2015,"g2o15",33561,0.687739502858665
"강원도 철원군","4278000000",2015,"g3o65",9060,0.185659542203734
"강원도 철원군","4278000000",2016,"g1u14",5934,0.123591527294691
"강원도 철원군","4278000000",2016,"g2o15",32967,0.686626538645783
"강원도 철원군","4278000000",2016,"g3o65",9112,0.189781934059526
"강원도 철원군","4278000000",2017,"g1u14",5626,0.119232807036134
"강원도 철원군","4278000000",2017,"g2o15",32295,0.684433612376815
"강원도 철원군","4278000000",2017,"g3o65",9264,0.196333580587051
"강원도 철원군","4278000000",2018,"g1u14",5431,0.117014629521901
"강원도 철원군","4278000000",2018,"g2o15",31518,0.679076982741904
"강원도 철원군","4278000000",2018,"g3o65",9464,0.203908387736195
"강원도 철원군","4278000000",2019,"g1u14",5276,0.115742365742366
"강원도 철원군","4278000000",2019,"g2o15",30478,0.668611793611794
"강원도 철원군","4278000000",2019,"g3o65",9830,0.215645840645841
"강원도 화천군","4279000000",2008,"g1u14",3940,0.163417669017005
"강원도 화천군","4279000000",2008,"g2o15",16048,0.665615927001244
"강원도 화천군","4279000000",2008,"g3o65",4122,0.17096640398175
"강원도 화천군","4279000000",2009,"g1u14",3790,0.156508093822266
"강원도 화천군","4279000000",2009,"g2o15",16188,0.668483647175421
"강원도 화천군","4279000000",2009,"g3o65",4238,0.175008259002313
"강원도 화천군","4279000000",2010,"g1u14",3663,0.150344770973568
"강원도 화천군","4279000000",2010,"g2o15",16295,0.668814644557544
"강원도 화천군","4279000000",2010,"g3o65",4406,0.180840584468889
"강원도 화천군","4279000000",2011,"g1u14",3679,0.147484465824815
"강원도 화천군","4279000000",2011,"g2o15",16756,0.671717779114051
"강원도 화천군","4279000000",2011,"g3o65",4510,0.180797755061134
"강원도 화천군","4279000000",2012,"g1u14",3611,0.144324540367706
"강원도 화천군","4279000000",2012,"g2o15",16806,0.671702637889688
"강원도 화천군","4279000000",2012,"g3o65",4603,0.183972821742606
"강원도 화천군","4279000000",2013,"g1u14",3565,0.142150803461063
"강원도 화천군","4279000000",2013,"g2o15",16846,0.671717373101001
"강원도 화천군","4279000000",2013,"g3o65",4668,0.186131823437936
"강원도 화천군","4279000000",2014,"g1u14",3487,0.128467744906606
"강원도 화천군","4279000000",2014,"g2o15",18865,0.695022657775485
"강원도 화천군","4279000000",2014,"g3o65",4791,0.176509597317909
"강원도 화천군","4279000000",2015,"g1u14",3315,0.122686898593634
"강원도 화천군","4279000000",2015,"g2o15",18884,0.698889711324944
"강원도 화천군","4279000000",2015,"g3o65",4821,0.178423390081421
"강원도 화천군","4279000000",2016,"g1u14",3168,0.120621382881511
"강원도 화천군","4279000000",2016,"g2o15",18290,0.696390496497106
"강원도 화천군","4279000000",2016,"g3o65",4806,0.182988120621383
"강원도 화천군","4279000000",2017,"g1u14",3062,0.117669664130351
"강원도 화천군","4279000000",2017,"g2o15",18014,0.692260395050342
"강원도 화천군","4279000000",2017,"g3o65",4946,0.190069940819307
"강원도 화천군","4279000000",2018,"g1u14",2851,0.113658108754585
"강원도 화천군","4279000000",2018,"g2o15",17169,0.684460213682028
"강원도 화천군","4279000000",2018,"g3o65",5064,0.201881677563387
"강원도 화천군","4279000000",2019,"g1u14",2749,0.110326283260425
"강원도 화천군","4279000000",2019,"g2o15",16849,0.676205000601999
"강원도 화천군","4279000000",2019,"g3o65",5319,0.213468716137577
"강원도 양구군","4280000000",2008,"g1u14",3534,0.165892127869314
"강원도 양구군","4280000000",2008,"g2o15",14254,0.669107637421959
"강원도 양구군","4280000000",2008,"g3o65",3515,0.165000234708726
"강원도 양구군","4280000000",2009,"g1u14",3439,0.161281245603339
"강원도 양구군","4280000000",2009,"g2o15",14218,0.666791727242883
"강원도 양구군","4280000000",2009,"g3o65",3666,0.171927027153778
"강원도 양구군","4280000000",2010,"g1u14",3332,0.152543148834867
"강원도 양구군","4280000000",2010,"g2o15",14755,0.675502449297258
"강원도 양구군","4280000000",2010,"g3o65",3756,0.171954401867875
"강원도 양구군","4280000000",2011,"g1u14",3273,0.146870091990128
"강원도 양구군","4280000000",2011,"g2o15",15210,0.682521875701144
"강원도 양구군","4280000000",2011,"g3o65",3802,0.170608032308728
"강원도 양구군","4280000000",2012,"g1u14",3276,0.143690512741787
"강원도 양구군","4280000000",2012,"g2o15",15636,0.685819553489188
"강원도 양구군","4280000000",2012,"g3o65",3887,0.170489933769025
"강원도 양구군","4280000000",2013,"g1u14",3279,0.138976010850216
"강원도 양구군","4280000000",2013,"g2o15",16306,0.69110790879037
"강원도 양구군","4280000000",2013,"g3o65",4009,0.169916080359413
"강원도 양구군","4280000000",2014,"g1u14",3255,0.136260884125921
"강원도 양구군","4280000000",2014,"g2o15",16582,0.694156061620897
"강원도 양구군","4280000000",2014,"g3o65",4051,0.169583054253182
"강원도 양구군","4280000000",2015,"g1u14",3133,0.130059363194819
"강원도 양구군","4280000000",2015,"g2o15",16874,0.700485698866703
"강원도 양구군","4280000000",2015,"g3o65",4082,0.169454937938478
"강원도 양구군","4280000000",2016,"g1u14",3020,0.125780924614744
"강원도 양구군","4280000000",2016,"g2o15",16882,0.703123698458975
"강원도 양구군","4280000000",2016,"g3o65",4108,0.171095376926281
"강원도 양구군","4280000000",2017,"g1u14",2948,0.123683658485421
"강원도 양구군","4280000000",2017,"g2o15",16628,0.697629536396056
"강원도 양구군","4280000000",2017,"g3o65",4259,0.178686805118523
"강원도 양구군","4280000000",2018,"g1u14",2880,0.123034859876965
"강원도 양구군","4280000000",2018,"g2o15",16204,0.692241968557758
"강원도 양구군","4280000000",2018,"g3o65",4324,0.184723171565277
"강원도 양구군","4280000000",2019,"g1u14",2753,0.120936566508522
"강원도 양구군","4280000000",2019,"g2o15",15518,0.681690388332455
"강원도 양구군","4280000000",2019,"g3o65",4493,0.197373045159023
"강원도 인제군","4281000000",2008,"g1u14",5410,0.171094244149273
"강원도 인제군","4281000000",2008,"g2o15",21349,0.67517394054396
"강원도 인제군","4281000000",2008,"g3o65",4861,0.153731815306768
"강원도 인제군","4281000000",2009,"g1u14",5191,0.165045148162279
"강원도 인제군","4281000000",2009,"g2o15",21265,0.676109627368689
"강원도 인제군","4281000000",2009,"g3o65",4996,0.158845224469032
"강원도 인제군","4281000000",2010,"g1u14",5052,0.158658375730168
"강원도 인제군","4281000000",2010,"g2o15",21683,0.680955970102381
"강원도 인제군","4281000000",2010,"g3o65",5107,0.160385654167452
"강원도 인제군","4281000000",2011,"g1u14",4784,0.149640287769784
"강원도 인제군","4281000000",2011,"g2o15",21974,0.68733187363153
"강원도 인제군","4281000000",2011,"g3o65",5212,0.163027838598686
"강원도 인제군","4281000000",2012,"g1u14",4748,0.146290362336702
"강원도 인제군","4281000000",2012,"g2o15",22312,0.687453783583929
"강원도 인제군","4281000000",2012,"g3o65",5396,0.166255854079369
"강원도 인제군","4281000000",2013,"g1u14",4634,0.142510071654827
"강원도 인제군","4281000000",2013,"g2o15",22411,0.689208721591783
"강원도 인제군","4281000000",2013,"g3o65",5472,0.168281206753391
"강원도 인제군","4281000000",2014,"g1u14",4491,0.138290993071594
"강원도 인제군","4281000000",2014,"g2o15",22447,0.691208622016936
"강원도 인제군","4281000000",2014,"g3o65",5537,0.17050038491147
"강원도 인제군","4281000000",2015,"g1u14",4361,0.13113817471057
"강원도 인제군","4281000000",2015,"g2o15",23321,0.701278003307773
"강원도 인제군","4281000000",2015,"g3o65",5573,0.167583821981657
"강원도 인제군","4281000000",2016,"g1u14",4211,0.12869804400978
"강원도 인제군","4281000000",2016,"g2o15",22907,0.700091687041565
"강원도 인제군","4281000000",2016,"g3o65",5602,0.171210268948655
"강원도 인제군","4281000000",2017,"g1u14",4131,0.126787796943097
"강원도 인제군","4281000000",2017,"g2o15",22592,0.693388987784666
"강원도 인제군","4281000000",2017,"g3o65",5859,0.179823215272236
"강원도 인제군","4281000000",2018,"g1u14",3947,0.122821757530495
"강원도 인제군","4281000000",2018,"g2o15",22175,0.690036096589495
"강원도 인제군","4281000000",2018,"g3o65",6014,0.18714214588001
"강원도 인제군","4281000000",2019,"g1u14",3749,0.118369537762061
"강원도 인제군","4281000000",2019,"g2o15",21729,0.686063399848447
"강원도 인제군","4281000000",2019,"g3o65",6194,0.195567062389492
"강원도 고성군","4282000000",2008,"g1u14",3849,0.127568606655177
"강원도 고성군","4282000000",2008,"g2o15",20450,0.677780723849927
"강원도 고성군","4282000000",2008,"g3o65",5873,0.194650669494896
"강원도 고성군","4282000000",2009,"g1u14",3642,0.120309196617336
"강원도 고성군","4282000000",2009,"g2o15",20565,0.679340644820296
"강원도 고성군","4282000000",2009,"g3o65",6065,0.200350158562368
"강원도 고성군","4282000000",2010,"g1u14",3316,0.110122210414453
"강원도 고성군","4282000000",2010,"g2o15",20550,0.682452178533475
"강원도 고성군","4282000000",2010,"g3o65",6246,0.207425611052072
"강원도 고성군","4282000000",2011,"g1u14",3193,0.106231493495692
"강원도 고성군","4282000000",2011,"g2o15",20418,0.679309312306617
"강원도 고성군","4282000000",2011,"g3o65",6446,0.214459194197691
"강원도 고성군","4282000000",2012,"g1u14",3073,0.102011685035188
"강원도 고성군","4282000000",2012,"g2o15",20451,0.678893905191874
"강원도 고성군","4282000000",2012,"g3o65",6600,0.219094409772939
"강원도 고성군","4282000000",2013,"g1u14",2848,0.0936903743667346
"강원도 고성군","4282000000",2013,"g2o15",20789,0.683893677215606
"강원도 고성군","4282000000",2013,"g3o65",6761,0.222415948417659
"강원도 고성군","4282000000",2014,"g1u14",2715,0.0896957283028841
"강원도 고성군","4282000000",2014,"g2o15",20666,0.682744722323169
"강원도 고성군","4282000000",2014,"g3o65",6888,0.227559549373947
"강원도 고성군","4282000000",2015,"g1u14",2591,0.0861942781104458
"강원도 고성군","4282000000",2015,"g2o15",20473,0.68107119095143
"강원도 고성군","4282000000",2015,"g3o65",6996,0.232734530938124
"강원도 고성군","4282000000",2016,"g1u14",2487,0.0825861725443315
"강원도 고성군","4282000000",2016,"g2o15",20476,0.67994952513781
"강원도 고성군","4282000000",2016,"g3o65",7151,0.237464302317859
"강원도 고성군","4282000000",2017,"g1u14",2415,0.080422258483466
"강원도 고성군","4282000000",2017,"g2o15",20314,0.676479403243531
"강원도 고성군","4282000000",2017,"g3o65",7300,0.243098338273003
"강원도 고성군","4282000000",2018,"g1u14",2148,0.0763217737350767
"강원도 고성군","4282000000",2018,"g2o15",18580,0.66017623649801
"강원도 고성군","4282000000",2018,"g3o65",7416,0.263501989766913
"강원도 고성군","4282000000",2019,"g1u14",2101,0.077072633895818
"강원도 고성군","4282000000",2019,"g2o15",17500,0.641966250917095
"강원도 고성군","4282000000",2019,"g3o65",7659,0.280961115187087
"강원도 양양군","4283000000",2008,"g1u14",3569,0.126942913035746
"강원도 양양군","4283000000",2008,"g2o15",19006,0.676009247732527
"강원도 양양군","4283000000",2008,"g3o65",5540,0.197047839231727
"강원도 양양군","4283000000",2009,"g1u14",3470,0.124119183031083
"강원도 양양군","4283000000",2009,"g2o15",18757,0.670923203491076
"강원도 양양군","4283000000",2009,"g3o65",5730,0.204957613477841
"강원도 양양군","4283000000",2010,"g1u14",3360,0.120305059257403
"강원도 양양군","4283000000",2010,"g2o15",18629,0.667012782412546
"강원도 양양군","4283000000",2010,"g3o65",5940,0.212682158330051
"강원도 양양군","4283000000",2011,"g1u14",3252,0.116383938157612
"강원도 양양군","4283000000",2011,"g2o15",18546,0.663732016319519
"강원도 양양군","4283000000",2011,"g3o65",6144,0.219884045522869
"강원도 양양군","4283000000",2012,"g1u14",3060,0.110064024170923
"강원도 양양군","4283000000",2012,"g2o15",18355,0.660204301848788
"강원도 양양군","4283000000",2012,"g3o65",6387,0.229731673980289
"강원도 양양군","4283000000",2013,"g1u14",2879,0.104089084927148
"강원도 양양군","4283000000",2013,"g2o15",18195,0.657832893452402
"강원도 양양군","4283000000",2013,"g3o65",6585,0.238078021620449
"강원도 양양군","4283000000",2014,"g1u14",2742,0.099633007521529
"강원도 양양군","4283000000",2014,"g2o15",18015,0.654591039569783
"강원도 양양군","4283000000",2014,"g3o65",6764,0.245775952908688
"강원도 양양군","4283000000",2015,"g1u14",2593,0.0943629680847192
"강원도 양양군","4283000000",2015,"g2o15",17964,0.653735579897376
"강원도 양양군","4283000000",2015,"g3o65",6922,0.251901452017905
"강원도 양양군","4283000000",2016,"g1u14",2411,0.088581086045999
"강원도 양양군","4283000000",2016,"g2o15",17826,0.654934234697627
"강원도 양양군","4283000000",2016,"g3o65",6981,0.256484679256374
"강원도 양양군","4283000000",2017,"g1u14",2330,0.0856397250707538
"강원도 양양군","4283000000",2017,"g2o15",17563,0.645532399750064
"강원도 양양군","4283000000",2017,"g3o65",7314,0.268827875179182
"강원도 양양군","4283000000",2018,"g1u14",2225,0.0813617581453176
"강원도 양양군","4283000000",2018,"g2o15",17566,0.642337367901415
"강원도 양양군","4283000000",2018,"g3o65",7556,0.276300873953267
"강원도 양양군","4283000000",2019,"g1u14",2230,0.0804299213734401
"강원도 양양군","4283000000",2019,"g2o15",17551,0.633015941715357
"강원도 양양군","4283000000",2019,"g3o65",7945,0.286554136911202
